{
  "summary": {
    "mae": {
      "proc_mean": 98.00000035762787,
      "obj_mean": 72.44897997379303,
      "delta_mean": 25.55102038383484,
      "ci_95_lo": 22.363775542378427,
      "ci_95_hi": 28.67355422079563
    },
    "dinov2": {
      "proc_mean": 98.16666674613953,
      "obj_mean": 79.0612245798111,
      "delta_mean": 19.10544216632843,
      "ci_95_lo": 16.846853467822076,
      "ci_95_hi": 21.234778690338135
    },
    "clip": {
      "proc_mean": 98.33333361148834,
      "obj_mean": 80.85714328289032,
      "delta_mean": 17.476190328598022,
      "ci_95_lo": 15.540560981631279,
      "ci_95_hi": 19.3710883975029
    },
    "vmae_k400": {
      "proc_mean": 99.00000023841858,
      "obj_mean": 82.89795970916748,
      "delta_mean": 16.1020405292511,
      "ci_95_lo": 14.023724043369294,
      "ci_95_hi": 18.146343263983727
    },
    "vjepa2": {
      "proc_mean": 97.50000047683716,
      "obj_mean": 79.22449004650116,
      "delta_mean": 18.275510430336,
      "ci_95_lo": 15.877381366491317,
      "ci_95_hi": 20.67006814777851
    }
  },
  "comparisons": {
    "vmae_k400": {
      "gap": 9.44897985458374,
      "diff_ci_lo": 9.376270267271998,
      "diff_ci_hi": 9.542118970663843,
      "p_one_tailed": 0.0
    },
    "clip": {
      "gap": 8.074830055236816,
      "diff_ci_lo": 8.003267050011457,
      "diff_ci_hi": 8.170454264886677,
      "p_one_tailed": 0.0
    },
    "dinov2": {
      "gap": 6.445578217506409,
      "diff_ci_lo": 6.367473241674899,
      "diff_ci_hi": 6.543721325930952,
      "p_one_tailed": 0.0
    },
    "vjepa2": {
      "gap": 7.27550995349884,
      "diff_ci_lo": 7.217589170002938,
      "diff_ci_hi": 7.39385434269458,
      "p_one_tailed": 0.0
    }
  },
  "n_runs": 50,
  "n_bootstrap": 2000
}