{
  "clip_text_extracted": true,
  "bootstrap_rsa_49concepts": {
    "V-JEPA 2 vs CLIP": {
      "r": 0.9171827547739778,
      "p": 0.0,
      "ci_lo": 0.9005731912651603,
      "ci_hi": 0.9316825378989702
    },
    "MAE vs CLIP": {
      "r": 0.7227489306828911,
      "p": 1.3695645916878786e-190,
      "ci_lo": 0.6909627125183683,
      "ci_hi": 0.7499939322393546
    },
    "Mistral vs CLIP": {
      "r": 0.08473826623846906,
      "p": 0.003636801343849873,
      "ci_lo": 0.028118232695675458,
      "ci_hi": 0.13984171456366187
    },
    "ST vs CLIP": {
      "r": -0.05501959488666282,
      "p": 0.05926781989738111,
      "ci_lo": -0.11032424553471609,
      "ci_hi": 0.0009138721031276239
    },
    "Mistral vs ST": {
      "r": 0.4758551984313895,
      "p": 1.7173943523835235e-67,
      "ci_lo": 0.426190456008132,
      "ci_hi": 0.5234615931424739
    },
    "V-JEPA 2 vs MAE": {
      "r": 0.7364715691812289,
      "p": 1.6225624370220582e-201,
      "ci_lo": 0.7046324562007488,
      "ci_hi": 0.7636721156608033
    }
  },
  "vjepa_mae_gap": {
    "gap": 0.19443382409108667,
    "ci_lo": 0.16967398503672143,
    "ci_hi": 0.2208532085291512,
    "p": 0.0
  },
  "clip_text_rsa": {
    "CLIP-image vs CLIP-text (ceiling)": {
      "r": -0.020397464228993297,
      "p": 0.48466693687730705,
      "ci_lo": -0.07606785993707098,
      "ci_hi": 0.035411250839497775
    },
    "V-JEPA 2 vs CLIP-text": {
      "r": -0.054852531985136115,
      "p": 0.06004467236544188,
      "ci_lo": -0.11223049225037413,
      "ci_hi": 0.0024581769519642824
    },
    "MAE vs CLIP-text": {
      "r": -0.14568030447208974,
      "p": 5.24109824742041e-07,
      "ci_lo": -0.2012624870797018,
      "ci_hi": -0.08966435502897487
    },
    "Mistral vs CLIP-text": {
      "r": -0.015241565552894446,
      "p": 0.6015649841820836,
      "ci_lo": -0.07075121189907409,
      "ci_hi": 0.04102908031677985
    },
    "ST vs CLIP-text": {
      "r": 0.07059067822433476,
      "p": 0.015469257329920365,
      "ci_lo": 0.013590121960264743,
      "ci_hi": 0.12783867839790292
    }
  },
  "norm_statistics": {
    "Mistral": {
      "mean": 5.108859062194824,
      "std": 0.30294710397720337,
      "min": 4.359711647033691,
      "max": 6.39534854888916
    },
    "ST": {
      "mean": 1.0,
      "std": 3.0701084341444584e-08,
      "min": 0.9999999403953552,
      "max": 1.0000001192092896
    },
    "CLIP": {
      "mean": 13.82621867571441,
      "std": 9.449306537562308,
      "min": 0.8210688893116423,
      "max": 20.713516479844092
    },
    "V-JEPA2": {
      "mean": 44.98654556274414,
      "std": 32.06043243408203,
      "min": 0.9999998807907104,
      "max": 68.35440063476562
    },
    "MAE": {
      "mean": 9.3212251663208,
      "std": 6.065082550048828,
      "min": 0.9999998807907104,
      "max": 13.741877555847168
    }
  },
  "geometry_stats": {
    "Mistral_vs_ST": 0.26915132999420166,
    "Mistral_vs_CLIP": 0.3975130442293279,
    "Mistral_vs_V-JEPA2": 0.3767910301685333,
    "Mistral_vs_MAE": 0.4486003518104553,
    "ST_vs_CLIP": 0.5904028379795645,
    "ST_vs_V-JEPA2": 0.5775201320648193,
    "ST_vs_MAE": 0.5227908492088318,
    "CLIP_vs_V-JEPA2": 0.03305800250273395,
    "CLIP_vs_MAE": 0.19025288878598032,
    "V-JEPA2_vs_MAE": 0.18824687600135803
  },
  "rdm_distance_st_vj": {
    "mean": 0.5775201320648193,
    "std": 0.2352929413318634
  }
}