{
  "summary": {
    "0.1": {
      "active_codes": {
        "mean": 12.2,
        "std": 4.664761515876241,
        "values": [
          14,
          20,
          6,
          10,
          11
        ]
      },
      "st_vj_agreement_rate": {
        "mean": 0.623529411764706,
        "std": 0.12670976016787067,
        "values": [
          0.5294117647058824,
          0.8235294117647058,
          0.5882352941176471,
          0.7058823529411765,
          0.47058823529411764
        ]
      },
      "post_vq_rsa_st_vj": {
        "mean": 0.652769587663294,
        "std": 0.1485750378038502,
        "values": [
          0.3892390813444712,
          0.8455925513172635,
          0.698683367766127,
          0.6393958879962517,
          0.6909370498923559
        ]
      },
      "recon_cos_st": {
        "mean": 0.7569651961326599,
        "std": 0.04058359491653924,
        "values": [
          0.7844224572181702,
          0.8133364915847778,
          0.6944901943206787,
          0.7555729150772095,
          0.7370039224624634
        ]
      },
      "preservation_st_post_vq": {
        "mean": 0.13849936457276377,
        "std": 0.1256275879228724,
        "values": [
          0.14925823544779238,
          0.36951004245980623,
          0.0647492957130437,
          0.10869028036539387,
          0.0002889688777827071
        ]
      }
    },
    "0.5": {
      "active_codes": {
        "mean": 15.6,
        "std": 1.3564659966250536,
        "values": [
          16,
          13,
          16,
          16,
          17
        ]
      },
      "st_vj_agreement_rate": {
        "mean": 0.9882352941176471,
        "std": 0.02352941176470589,
        "values": [
          1.0,
          1.0,
          0.9411764705882353,
          1.0,
          1.0
        ]
      },
      "post_vq_rsa_st_vj": {
        "mean": 0.9996075650871052,
        "std": 0.00048672232555189114,
        "values": [
          0.9999844947748538,
          0.9992424748980568,
          0.998825168364146,
          0.9999856873984698,
          0.9999999999999998
        ]
      },
      "recon_cos_st": {
        "mean": 0.7865741014480591,
        "std": 0.03236166338182547,
        "values": [
          0.8148437142372131,
          0.7808741331100464,
          0.8251519799232483,
          0.7788800597190857,
          0.7331206202507019
        ]
      },
      "preservation_st_post_vq": {
        "mean": 0.3072970511621424,
        "std": 0.11878693987806828,
        "values": [
          0.4796871310208056,
          0.14779613239000802,
          0.2682451782051804,
          0.23814243510975064,
          0.4026143790849672
        ]
      }
    },
    "1.0": {
      "active_codes": {
        "mean": 12.6,
        "std": 1.3564659966250536,
        "values": [
          11,
          12,
          12,
          15,
          13
        ]
      },
      "st_vj_agreement_rate": {
        "mean": 0.9294117647058823,
        "std": 0.06859943405700356,
        "values": [
          0.8823529411764706,
          1.0,
          0.9411764705882353,
          0.8235294117647058,
          1.0
        ]
      },
      "post_vq_rsa_st_vj": {
        "mean": 0.8967623864724545,
        "std": 0.09443417031292214,
        "values": [
          0.7490890656141794,
          0.9993354146840798,
          0.86906153894804,
          0.8666682693831398,
          0.9996576437328343
        ]
      },
      "recon_cos_st": {
        "mean": 0.7756582260131836,
        "std": 0.005905948340661905,
        "values": [
          0.7693595290184021,
          0.7827923893928528,
          0.7766969203948975,
          0.7810849547386169,
          0.7683573365211487
        ]
      },
      "preservation_st_post_vq": {
        "mean": 0.24995773281520592,
        "std": 0.06840870831190671,
        "values": [
          0.356207542050483,
          0.287075805316204,
          0.16583544652150808,
          0.18950958631370138,
          0.25116028387413314
        ]
      }
    }
  },
  "lambda_0.5_wins": 5,
  "lambda_0.5_robust": true,
  "verdict": "Lambda=0.5 wins ST-VJ agreement in 5/5 seeds. Result is robust.",
  "baseline_lambda_0": {
    "active_codes": 2,
    "st_vj_agreement_rate": 0.0,
    "post_vq_rsa_st_vj": 0.0,
    "recon_cos_st": 0.27511271834373474,
    "preservation_st_post_vq": 0.0
  }
}