{
  "41": {
    "mae": {
      "mean": 90.32786846160889,
      "ci": [
        88.25136582056682,
        92.45901585618655
      ],
      "label": "MAE-Large"
    },
    "clip": {
      "mean": 90.49180289109547,
      "ci": [
        88.41530005137126,
        92.295081615448
      ],
      "label": "CLIP"
    },
    "vjepa2": {
      "mean": 91.09289586544037,
      "ci": [
        89.50819631417592,
        92.62295027573903
      ],
      "label": "V-JEPA2"
    },
    "vmae_k400": {
      "mean": 83.11475386222203,
      "ci": [
        76.6653002500534,
        88.63524516671896
      ],
      "label": "VideoMAE-K400"
    }
  }
}