{
  "mae_large": {
    "label": "MAE-Large",
    "mean": 91.80327832698822,
    "ci_lo": 90.19672083556652,
    "ci_hi": 93.27868784368039,
    "scores": [
      88.52459192276001,
      95.08196711540222,
      72.13114500045776,
      86.8852436542511,
      91.80327653884888,
      90.16393423080444,
      96.72130942344666,
      95.08196711540222,
      90.16393423080444,
      95.08196711540222,
      96.72130942344666,
      90.16393423080444,
      85.24590134620667,
      88.52459192276001,
      90.16393423080444,
      93.44262480735779,
      85.24590134620667,
      80.32786846160889,
      91.80327653884888,
      86.8852436542511,
      83.60655903816223,
      93.44262480735779,
      96.72130942344666,
      86.8852436542511,
      93.44262480735779,
      96.72130942344666,
      98.36065769195557,
      95.08196711540222,
      81.96721076965332,
      93.44262480735779,
      96.72130942344666,
      91.80327653884888,
      98.36065769195557,
      98.36065769195557,
      85.24590134620667,
      96.72130942344666,
      93.44262480735779,
      96.72130942344666,
      96.72130942344666,
      91.80327653884888,
      93.44262480735779,
      90.16393423080444,
      86.8852436542511,
      96.72130942344666,
      86.8852436542511,
      98.36065769195557,
      93.44262480735779,
      93.44262480735779,
      96.72130942344666,
      98.36065769195557
    ]
  },
  "mae_base": {
    "label": "MAE-Base",
    "mean": 90.09836101531982,
    "ci_lo": 87.70491850078106,
    "ci_hi": 92.19672155678272,
    "scores": [
      90.16393423080444,
      98.36065769195557,
      93.44262480735779,
      90.16393423080444,
      90.16393423080444,
      98.36065769195557,
      90.16393423080444,
      90.16393423080444,
      78.68852615356445,
      73.77049326896667,
      88.52459192276001,
      88.52459192276001,
      93.44262480735779,
      93.44262480735779,
      90.16393423080444,
      95.08196711540222,
      93.44262480735779,
      93.44262480735779,
      95.08196711540222,
      98.36065769195557,
      80.32786846160889,
      85.24590134620667,
      93.44262480735779,
      93.44262480735779,
      90.16393423080444,
      93.44262480735779,
      81.96721076965332,
      93.44262480735779,
      96.72130942344666,
      91.80327653884888,
      95.08196711540222,
      90.16393423080444,
      93.44262480735779,
      80.32786846160889,
      98.36065769195557,
      73.77049326896667,
      95.08196711540222,
      96.72130942344666,
      96.72130942344666,
      63.93442749977112,
      95.08196711540222,
      95.08196711540222,
      95.08196711540222,
      86.8852436542511,
      63.93442749977112,
      96.72130942344666,
      96.72130942344666,
      88.52459192276001,
      90.16393423080444,
      90.16393423080444
    ]
  },
  "dinov2": {
    "label": "DINOv2",
    "mean": 90.39344227313995,
    "ci_lo": 87.86885178089142,
    "ci_hi": 92.55737650990486,
    "scores": [
      100.0,
      98.36065769195557,
      95.08196711540222,
      86.8852436542511,
      93.44262480735779,
      96.72130942344666,
      91.80327653884888,
      88.52459192276001,
      83.60655903816223,
      85.24590134620667,
      83.60655903816223,
      90.16393423080444,
      98.36065769195557,
      50.81967115402222,
      98.36065769195557,
      85.24590134620667,
      96.72130942344666,
      91.80327653884888,
      86.8852436542511,
      86.8852436542511,
      96.72130942344666,
      91.80327653884888,
      93.44262480735779,
      100.0,
      95.08196711540222,
      80.32786846160889,
      96.72130942344666,
      90.16393423080444,
      85.24590134620667,
      85.24590134620667,
      88.52459192276001,
      83.60655903816223,
      95.08196711540222,
      88.52459192276001,
      96.72130942344666,
      95.08196711540222,
      96.72130942344666,
      88.52459192276001,
      96.72130942344666,
      98.36065769195557,
      91.80327653884888,
      93.44262480735779,
      86.8852436542511,
      95.08196711540222,
      77.04917788505554,
      83.60655903816223,
      96.72130942344666,
      95.08196711540222,
      77.04917788505554,
      91.80327653884888
    ]
  },
  "clip": {
    "label": "CLIP",
    "mean": 91.63934397697449,
    "ci_lo": 90.2950820863247,
    "ci_hi": 92.9180321753025,
    "scores": [
      85.24590134620667,
      91.80327653884888,
      96.72130942344666,
      96.72130942344666,
      96.72130942344666,
      85.24590134620667,
      91.80327653884888,
      88.52459192276001,
      91.80327653884888,
      93.44262480735779,
      88.52459192276001,
      88.52459192276001,
      90.16393423080444,
      95.08196711540222,
      95.08196711540222,
      75.40983557701111,
      91.80327653884888,
      98.36065769195557,
      88.52459192276001,
      93.44262480735779,
      85.24590134620667,
      95.08196711540222,
      96.72130942344666,
      83.60655903816223,
      81.96721076965332,
      91.80327653884888,
      81.96721076965332,
      93.44262480735779,
      90.16393423080444,
      91.80327653884888,
      95.08196711540222,
      93.44262480735779,
      96.72130942344666,
      91.80327653884888,
      86.8852436542511,
      96.72130942344666,
      91.80327653884888,
      93.44262480735779,
      93.44262480735779,
      90.16393423080444,
      93.44262480735779,
      93.44262480735779,
      98.36065769195557,
      88.52459192276001,
      95.08196711540222,
      90.16393423080444,
      96.72130942344666,
      95.08196711540222,
      95.08196711540222,
      91.80327653884888
    ]
  },
  "vmae_k400": {
    "label": "VideoMAE-K400",
    "mean": 79.8360652923584,
    "ci_lo": 73.44098366871476,
    "ci_hi": 85.54098337963224,
    "scores": [
      93.44262480735779,
      95.08196711540222,
      68.8524603843689,
      96.72130942344666,
      90.16393423080444,
      81.96721076965332,
      77.04917788505554,
      88.52459192276001,
      47.54098355770111,
      93.44262480735779,
      93.44262480735779,
      88.52459192276001,
      91.80327653884888,
      73.77049326896667,
      70.49180269241333,
      96.72130942344666,
      90.16393423080444,
      90.16393423080444,
      95.08196711540222,
      45.90163826942444,
      88.52459192276001,
      65.57376980781555,
      31.147539615631104,
      91.80327653884888,
      90.16393423080444,
      96.72130942344666,
      90.16393423080444,
      93.44262480735779,
      91.80327653884888,
      85.24590134620667,
      60.65573692321777,
      91.80327653884888,
      29.50819730758667,
      93.44262480735779,
      100.0,
      77.04917788505554,
      65.57376980781555,
      65.57376980781555,
      93.44262480735779,
      95.08196711540222,
      90.16393423080444,
      91.80327653884888,
      93.44262480735779,
      21.311475336551666,
      16.393442451953888,
      91.80327653884888,
      93.44262480735779,
      91.80327653884888,
      91.80327653884888,
      44.262295961380005
    ]
  },
  "vmae_ssv2": {
    "label": "VideoMAE-SSv2",
    "mean": 83.08196669816971,
    "ci_lo": 77.90081890672445,
    "ci_hi": 87.73770427703857,