{
  "rsa_49_concepts": {
    "Mistral_vs_CLIP": {
      "r": 0.08473826623846906,
      "p": 0.003636801343849873
    },
    "ST_vs_CLIP": {
      "r": -0.05501959488666282,
      "p": 0.05926781989738111
    },
    "V-JEPA2_vs_CLIP": {
      "r": 0.9171827547739778,
      "p": 0.0
    },
    "MAE_vs_CLIP": {
      "r": 0.7227489306828911,
      "p": 1.3695645916878786e-190
    },
    "V-JEPA2_vs_ST": {
      "r": -0.03942603229588905,
      "p": 0.1766573874915982
    },
    "Mistral_vs_V-JEPA2": {
      "r": 0.10628613113832384,
      "p": 0.0002608899610446836
    },
    "Mistral_vs_ST": {
      "r": 0.4758551984313895,
      "p": 1.7173943523835235e-67
    }
  },
  "rsa_17_concepts_rerun": {
    "Mistral_vs_CLIP": {
      "r": 0.03928247698106006,
      "p": 0.6497890062599382
    },
    "ST_vs_CLIP": {
      "r": 0.08879347359381708,
      "p": 0.3039615479694838
    },
    "V-JEPA2_vs_CLIP": {
      "r": 0.40413148227660894,
      "p": 1.0651014632404016e-06
    },
    "MAE_vs_CLIP": {
      "r": 0.08683746004484517,
      "p": 0.3147798172436591
    },
    "V-JEPA2_vs_ST": {
      "r": -0.024626687658031582,
      "p": 0.7759610715107018
    },
    "Mistral_vs_V-JEPA2": {
      "r": -0.03598110777157578,
      "p": 0.6775052584679602
    },
    "Mistral_vs_ST": {
      "r": 0.17098897953341918,
      "p": 0.04655411423821091
    }
  },
  "n_concepts_49": 49,
  "n_concepts_17": 17
}